code,count,first_flight,last_flight,shortest_interval
BKPR,3,17:52:00,22:34:00,0 years 0 mons 0 days 2 hours 17 mins 0.0 secs
EBAW,6,17:23:00,22:46:00,0 years 0 mons 0 days 0 hours 43 mins 0.0 secs
EBBE,6,17:22:00,22:47:00,0 years 0 mons 0 days 0 hours 41 mins 0.0 secs
EBBL,4,17:15:00,22:53:00,0 years 0 mons 0 days 1 hours 35 mins 0.0 secs
EBBR,4,18:56:00,22:44:00,0 years 0 mons 0 days 0 hours 32 mins 0.0 secs
EBCI,7,17:19:00,22:44:00,0 years 0 mons 0 days 0 hours 33 mins 0.0 secs
EBCV,4,18:02:00,22:58:00,0 years 0 mons 0 days 0 hours 51 mins 0.0 secs
EBDT,7,17:07:00,22:42:00,0 years 0 mons 0 days 0 hours 35 mins 0.0 secs
EBFN,3,18:15:00,22:38:00,0 years 0 mons 0 days 1 hours 30 mins 0.0 secs
EBFS,7,17:32:00,22:38:00,0 years 0 mons 0 days 0 hours 33 mins 0.0 secs
EBLG,7,17:45:00,22:46:00,0 years 0 mons 0 days 0 hours 34 mins 0.0 secs
EBOS,3,19:02:00,22:37:00,0 years 0 mons 0 days 1 hours 11 mins 0.0 secs
EDAC,4,17:28:00,22:34:00,0 years 0 mons 0 days 1 hours 36 mins 0.0 secs
EDAH,6,17:11:00,22:36:00,0 years 0 mons 0 days 0 hours 44 mins 0.0 secs
EDBC,5,17:32:00,22:42:00,0 years 0 mons 0 days 0 hours 53 mins 0.0 secs
EDDB,5,17:38:00,22:40:00,0 years 0 mons 0 days 0 hours 53 mins 0.0 secs
EDDC,6,17:39:00,22:44:00,0 years 0 mons 0 days 0 hours 42 mins 0.0 secs
EDDE,7,17:03:00,22:46:00,0 years 0 mons 0 days 0 hours 39 mins 0.0 secs
EDDF,7,17:30:00,22:59:00,0 years 0 mons 0 days 0 hours 35 mins 0.0 secs
EDDG,3,18:34:00,22:37:00,0 years 0 mons 0 days 1 hours 7 mins 0.0 secs
EDDH,7,17:11:00,22:34:00,0 years 0 mons 0 days 0 hours 31 mins 0.0 secs
EDDK,4,17:58:00,22:37:00,0 years 0 mons 0 days 0 hours 58 mins 0.0 secs
EDDL,5,17:18:00,22:38:00,0 years 0 mons 0 days 0 hours 59 mins 0.0 secs
EDDM,6,17:29:00,22:41:00,0 years 0 mons 0 days 0 hours 37 mins 0.0 secs
EDDN,3,18:08:00,22:49:00,0 years 0 mons 0 days 1 hours 6 mins 0.0 secs
EDDP,4,17:13:00,22:35:00,0 years 0 mons 0 days 1 hours 35 mins 0.0 secs
EDDR,6,17:10:00,22:45:00,0 years 0 mons 0 days 0 hours 37 mins 0.0 secs
EDDS,7,17:28:00,22:34:00,0 years 0 mons 0 days 0 hours 45 mins 0.0 secs
EDDT,5,18:51:00,22:59:00,0 years 0 mons 0 days 0 hours 34 mins 0.0 secs
EDDV,5,17:49:00,22:44:00,0 years 0 mons 0 days 1 hours 0 mins 0.0 secs
EDDW,4,19:22:00,22:38:00,0 years 0 mons 0 days 0 hours 34 mins 0.0 secs
EDFE,7,17:22:00,23:00:00,0 years 0 mons 0 days 0 hours 36 mins 0.0 secs
EDFH,5,18:24:00,22:36:00,0 years 0 mons 0 days 0 hours 45 mins 0.0 secs
EDFM,3,18:28:00,22:58:00,0 years 0 mons 0 days 1 hours 46 mins 0.0 secs
EDGS,5,17:15:00,22:42:00,0 years 0 mons 0 days 0 hours 40 mins 0.0 secs
EDHK,7,17:58:00,22:56:00,0 years 0 mons 0 days 0 hours 33 mins 0.0 secs
EDHL,3,18:34:00,22:49:00,0 years 0 mons 0 days 1 hours 41 mins 0.0 secs
EDJA,5,17:48:00,22:57:00,0 years 0 mons 0 days 0 hours 33 mins 0.0 secs
EDLN,7,17:09:00,22:34:00,0 years 0 mons 0 days 0 hours 34 mins 0.0 secs
EDLP,4,17:43:00,22:37:00,0 years 0 mons 0 days 1 hours 13 mins 0.0 secs
EDLV,3,18:10:00,23:00:00,0 years 0 mons 0 days 2 hours 23 mins 0.0 secs
EDLW,6,17:18:00,22:58:00,0 years 0 mons 0 days 0 hours 39 mins 0.0 secs
EDMA,4,17:02:00,22:31:00,0 years 0 mons 0 days 0 hours 57 mins 0.0 secs
EDMO,6,17:14:00,22:48:00,0 years 0 mons 0 days 0 hours 38 mins 0.0 secs
EDNY,7,17:30:00,22:52:00,0 years 0 mons 0 days 0 hours 38 mins 0.0 secs
EDOP,7,17:50:00,22:42:00,0 years 0 mons 0 days 0 hours 33 mins 0.0 secs
EDQM,4,18:11:00,22:59:00,0 years 0 mons 0 days 1 hours 35 mins 0.0 secs
EDRZ,7,17:33:00,22:52:00,0 years 0 mons 0 days 0 hours 33 mins 0.0 secs
EDSB,3,19:33:00,22:35:00,0 years 0 mons 0 days 1 hours 20 mins 0.0 secs
EDTL,4,17:39:00,22:43:00,0 years 0 mons 0 days 1 hours 34 mins 0.0 secs
EDVE,4,17:34:00,22:35:00,0 years 0 mons 0 days 1 hours 0 mins 0.0 secs
EDVK,6,17:30:00,22:40:00,0 years 0 mons 0 days 0 hours 41 mins 0.0 secs
EDXW,4,17:56:00,22:52:00,0 years 0 mons 0 days 1 hours 18 mins 0.0 secs
EEKA,5,17:47:00,22:57:00,0 years 0 mons 0 days 1 hours 5 mins 0.0 secs
EEKE,7,17:17:00,22:52:00,0 years 0 mons 0 days 0 hours 43 mins 0.0 secs
EEPU,7,17:35:00,23:00:00,0 years 0 mons 0 days 0 hours 42 mins 0.0 secs
EETN,7,17:37:00,22:43:00,0 years 0 mons 0 days 0 hours 36 mins 0.0 secs
EETU,7,17:16:00,22:36:00,0 years 0 mons 0 days 0 hours 38 mins 0.0 secs
EFET,4,17:12:00,22:41:00,0 years 0 mons 0 days 1 hours 15 mins 0.0 secs
EFHA,5,17:16:00,22:45:00,0 years 0 mons 0 days 1 hours 11 mins 0.0 secs
EFHF,5,17:37:00,22:32:00,0 years 0 mons 0 days 0 hours 41 mins 0.0 secs
EFHK,6,17:18:00,22:56:00,0 years 0 mons 0 days 0 hours 39 mins 0.0 secs
EFIV,4,17:07:00,22:58:00,0 years 0 mons 0 days 1 hours 47 mins 0.0 secs
EFJO,3,20:36:00,22:38:00,0 years 0 mons 0 days 0 hours 50 mins 0.0 secs
EFJY,3,17:05:00,22:35:00,0 years 0 mons 0 days 2 hours 35 mins 0.0 secs
EFKA,5,18:11:00,22:39:00,0 years 0 mons 0 days 0 hours 30 mins 0.0 secs
EFKE,7,17:56:00,22:57:00,0 years 0 mons 0 days 0 hours 30 mins 0.0 secs
EFKK,5,18:18:00,22:57:00,0 years 0 mons 0 days 0 hours 31 mins 0.0 secs
EFKS,3,19:00:00,23:00:00,0 years 0 mons 0 days 1 hours 36 mins 0.0 secs
EFKT,4,17:05:00,22:33:00,0 years 0 mons 0 days 1 hours 42 mins 0.0 secs
EFKU,5,17:48:00,22:34:00,0 years 0 mons 0 days 0 hours 44 mins 0.0 secs
EFLP,5,17:26:00,22:53:00,0 years 0 mons 0 days 0 hours 40 mins 0.0 secs
EFMA,6,17:51:00,22:58:00,0 years 0 mons 0 days 0 hours 53 mins 0.0 secs
EFMI,4,17:48:00,22:42:00,0 years 0 mons 0 days 0 hours 38 mins 0.0 secs
EFOU,3,18:06:00,23:00:00,0 years 0 mons 0 days 2 hours 8 mins 0.0 secs
EFPO,5,18:28:00,22:56:00,0 years 0 mons 0 days 0 hours 32 mins 0.0 secs
EFRO,4,18:17:00,22:37:00,0 years 0 mons 0 days 1 hours 16 mins 0.0 secs
EFSA,3,19:21:00,22:33:00,0 years 0 mons 0 days 0 hours 42 mins 0.0 secs
EFSI,3,17:48:00,22:43:00,0 years 0 mons 0 days 2 hours 26 mins 0.0 secs
EFTP,3,19:14:00,22:51:00,0 years 0 mons 0 days 0 hours 35 mins 0.0 secs
EFTU,7,17:08:00,22:53:00,0 years 0 mons 0 days 0 hours 32 mins 0.0 secs
EFUT,4,17:41:00,22:34:00,0 years 0 mons 0 days 1 hours 10 mins 0.0 secs
EFVA,3,17:18:00,22:53:00,0 years 0 mons 0 days 1 hours 25 mins 0.0 secs
EFVR,7,17:19:00,22:38:00,0 years 0 mons 0 days 0 hours 40 mins 0.0 secs
EGAA,7,17:36:00,22:31:00,0 years 0 mons 0 days 0 hours 34 mins 0.0 secs
EGAC,4,17:12:00,22:46:00,0 years 0 mons 0 days 1 hours 26 mins 0.0 secs
EGAE,6,17:20:00,22:47:00,0 years 0 mons 0 days 0 hours 41 mins 0.0 secs
EGBB,6,17:13:00,22:38:00,0 years 0 mons 0 days 0 hours 59 mins 0.0 secs
EGBE,4,17:50:00,23:00:00,0 years 0 mons 0 days 1 hours 9 mins 0.0 secs
EGBJ,7,17:23:00,22:58:00,0 years 0 mons 0 days 0 hours 45 mins 0.0 secs
EGCC,3,18:31:00,22:45:00,0 years 0 mons 0 days 1 hours 48 mins 0.0 secs
EGCN,5,18:01:00,22:46:00,0 years 0 mons 0 days 0 hours 56 mins 0.0 secs
EGDM,7,17:07:00,22:40:00,0 years 0 mons 0 days 0 hours 36 mins 0.0 secs
EGDR,6,17:34:00,22:37:00,0 years 0 mons 0 days 0 hours 34 mins 0.0 secs
EGDX,4,18:17:00,22:37:00,0 years 0 mons 0 days 1 hours 13 mins 0.0 secs
EGDY,5,18:05:00,22:58:00,0 years 0 mons 0 days 0 hours 34 mins 0.0 secs
EGEC,5,17:55:00,22:43:00,0 years 0 mons 0 days 0 hours 52 mins 0.0 secs
EGEO,5,18:06:00,22:40:00,0 years 0 mons 0 days 0 hours 47 mins 0.0 secs
EGFF,5,17:24:00,22:42:00,0 years 0 mons 0 days 0 hours 32 mins 0.0 secs
EGGD,6,17:29:00,22:59:00,0 years 0 mons 0 days 0 hours 47 mins 0.0 secs
EGGP,3,18:35:00,22:49:00,0 years 0 mons 0 days 1 hours 44 mins 0.0 secs
EGGW,4,17:37:00,22:48:00,0 years 0 mons 0 days 0 hours 47 mins 0.0 secs
EGHH,4,18:06:00,22:46:00,0 years 0 mons 0 days 1 hours 20 mins 0.0 secs
EGHI,4,18:17:00,22:40:00,0 years 0 mons 0 days 0 hours 50 mins 0.0 secs
EGHQ,4,18:41:00,22:42:00,0 years 0 mons 0 days 0 hours 45 mins 0.0 secs
EGJA,7,17:03:00,22:56:00,0 years 0 mons 0 days 0 hours 34 mins 0.0 secs
EGJB,4,17:56:00,22:34:00,0 years 0 mons 0 days 1 hours 21 mins 0.0 secs
EGJJ,6,17:08:00,22:41:00,0 years 0 mons 0 days 0 hours 42 mins 0.0 secs
EGKA,3,18:29:00,23:00:00,0 years 0 mons 0 days 1 hours 16 mins 0.0 secs
EGKB,3,18:32:00,22:37:00,0 years 0 mons 0 days 1 hours 48 mins 0.0 secs
EGKK,7,17:39:00,22:55:00,0 years 0 mons 0 days 0 hours 36 mins 0.0 secs
EGLC,5,17:31:00,22:48:00,0 years 0 mons 0 days 0 hours 56 mins 0.0 secs
EGLF,3,17:11:00,22:46:00,0 years 0 mons 0 days 1 hours 51 mins 0.0 secs
EGLL,5,18:12:00,22:44:00,0 years 0 mons 0 days 0 hours 40 mins 0.0 secs
EGMC,3,19:16:00,22:59:00,0 years 0 mons 0 days 0 hours 49 mins 0.0 secs
EGMD,7,17:11:00,22:31:00,0 years 0 mons 0 days 0 hours 34 mins 0.0 secs
EGNH,6,17:39:00,22:55:00,0 years 0 mons 0 days 0 hours 33 mins 0.0 secs
EGNJ,4,19:18:00,22:53:00,0 years 0 mons 0 days 0 hours 56 mins 0.0 secs
EGNM,5,17:54:00,22:53:00,0 years 0 mons 0 days 1 hours 2 mins 0.0 secs
EGNR,7,17:44:00,22:37:00,0 years 0 mons 0 days 0 hours 39 mins 0.0 secs
EGNS,7,17:25:00,22:57:00,0 years 0 mons 0 days 0 hours 40 mins 0.0 secs
EGNT,6,17:53:00,22:59:00,0 years 0 mons 0 days 0 hours 49 mins 0.0 secs
EGNV,7,17:25:00,22:36:00,0 years 0 mons 0 days 0 hours 37 mins 0.0 secs
EGNX,3,17:05:00,22:39:00,0 years 0 mons 0 days 2 hours 2 mins 0.0 secs
EGOS,5,17:38:00,22:52:00,0 years 0 mons 0 days 1 hours 0 mins 0.0 secs
EGOV,5,18:27:00,22:37:00,0 years 0 mons 0 days 0 hours 36 mins 0.0 secs
EGOW,5,19:06:00,22:57:00,0 years 0 mons 0 days 0 hours 50 mins 0.0 secs
EGPA,6,17:38:00,22:52:00,0 years 0 mons 0 days 0 hours 36 mins 0.0 secs
EGPB,6,17:28:00,22:44:00,0 years 0 mons 0 days 0 hours 41 mins 0.0 secs
EGPC,5,17:58:00,22:38:00,0 years 0 mons 0 days 0 hours 37 mins 0.0 secs
EGPD,4,18:05:00,22:37:00,0 years 0 mons 0 days 0 hours 52 mins 0.0 secs
EGPE,3,17:17:00,22:32:00,0 years 0 mons 0 days 2 hours 30 mins 0.0 secs
EGPF,7,17:20:00,22:33:00,0 years 0 mons 0 days 0 hours 36 mins 0.0 secs
EGPH,3,17:12:00,22:46:00,0 years 0 mons 0 days 1 hours 4 mins 0.0 secs
EGPI,3,19:47:00,22:46:00,0 years 0 mons 0 days 1 hours 4 mins 0.0 secs
EGPK,4,18:46:00,22:59:00,0 years 0 mons 0 days 0 hours 51 mins 0.0 secs
EGPL,7,17:17:00,22:36:00,0 years 0 mons 0 days 0 hours 32 mins 0.0 secs
EGPM,7,17:11:00,22:53:00,0 years 0 mons 0 days 0 hours 38 mins 0.0 secs
EGPN,4,19:09:00,22:55:00,0 years 0 mons 0 days 0 hours 58 mins 0.0 secs
EGPO,7,17:29:00,22:33:00,0 years 0 mons 0 days 0 hours 37 mins 0.0 secs
EGPU,4,17:16:00,22:32:00,0 years 0 mons 0 days 1 hours 0 mins 0.0 secs
EGQK,3,17:42:00,22:32:00,0 years 0 mons 0 days 1 hours 54 mins 0.0 secs
EGQL,7,17:08:00,22:31:00,0 years 0 mons 0 days 0 hours 46 mins 0.0 secs
EGQM,3,17:23:00,22:50:00,0 years 0 mons 0 days 1 hours 35 mins 0.0 secs
EGQS,7,17:45:00,22:46:00,0 years 0 mons 0 days 0 hours 30 mins 0.0 secs
EGSC,5,17:02:00,22:55:00,0 years 0 mons 0 days 0 hours 38 mins 0.0 secs
EGSH,7,17:21:00,22:40:00,0 years 0 mons 0 days 0 hours 33 mins 0.0 secs
EGSS,3,17:07:00,22:55:00,0 years 0 mons 0 days 2 hours 37 mins 0.0 secs
EGTC,6,17:17:00,22:40:00,0 years 0 mons 0 days 0 hours 49 mins 0.0 secs
EGTE,4,18:39:00,22:36:00,0 years 0 mons 0 days 0 hours 40 mins 0.0 secs
EGUB,6,18:09:00,22:47:00,0 years 0 mons 0 days 0 hours 33 mins 0.0 secs
EGUL,3,18:24:00,22:47:00,0 years 0 mons 0 days 1 hours 35 mins 0.0 secs
EGUN,3,19:21:00,22:46:00,0 years 0 mons 0 days 1 hours 30 mins 0.0 secs
EGUO,4,17:37:00,22:47:00,0 years 0 mons 0 days 0 hours 59 mins 0.0 secs
EGUW,3,18:54:00,22:37:00,0 years 0 mons 0 days 0 hours 57 mins 0.0 secs
EGVA,3,18:30:00,22:59:00,0 years 0 mons 0 days 2 hours 12 mins 0.0 secs
EGVN,4,19:05:00,22:57:00,0 years 0 mons 0 days 0 hours 40 mins 0.0 secs
EGVO,7,17:09:00,22:52:00,0 years 0 mons 0 days 0 hours 39 mins 0.0 secs
EGVP,6,17:58:00,22:58:00,0 years 0 mons 0 days 0 hours 34 mins 0.0 secs
EGWU,7,17:40:00,22:45:00,0 years 0 mons 0 days 0 hours 39 mins 0.0 secs
EGXC,5,17:49:00,22:40:00,0 years 0 mons 0 days 0 hours 47 mins 0.0 secs
EGXD,4,18:09:00,22:53:00,0 years 0 mons 0 days 0 hours 43 mins 0.0 secs
EGXE,7,17:50:00,22:56:00,0 years 0 mons 0 days 0 hours 31 mins 0.0 secs
EGXP,5,18:09:00,22:57:00,0 years 0 mons 0 days 0 hours 35 mins 0.0 secs
EGXS,3,19:20:00,22:42:00,0 years 0 mons 0 days 1 hours 32 mins 0.0 secs
EGXT,5,18:07:00,22:32:00,0 years 0 mons 0 days 0 hours 40 mins 0.0 secs
EGXU,5,17:42:00,23:00:00,0 years 0 mons 0 days 0 hours 44 mins 0.0 secs
EGXV,6,17:58:00,22:55:00,0 years 0 mons 0 days 0 hours 41 mins 0.0 secs
EGXW,4,17:28:00,22:41:00,0 years 0 mons 0 days 1 hours 0 mins 0.0 secs
EGXZ,4,19:08:00,22:47:00,0 years 0 mons 0 days 0 hours 36 mins 0.0 secs
EGYD,4,17:53:00,22:41:00,0 years 0 mons 0 days 1 hours 21 mins 0.0 secs
EGYM,4,17:46:00,22:48:00,0 years 0 mons 0 days 1 hours 0 mins 0.0 secs
EHAM,3,18:38:00,22:35:00,0 years 0 mons 0 days 1 hours 49 mins 0.0 secs
EHBK,7,17:39:00,22:38:00,0 years 0 mons 0 days 0 hours 30 mins 0.0 secs
EHDL,3,17:56:00,22:48:00,0 years 0 mons 0 days 2 hours 2 mins 0.0 secs
EHEH,4,17:56:00,22:50:00,0 years 0 mons 0 days 1 hours 3 mins 0.0 secs
EHFS,3,17:47:00,22:59:00,0 years 0 mons 0 days 1 hours 12 mins 0.0 secs
EHGG,4,17:43:00,22:40:00,0 years 0 mons 0 days 0 hours 54 mins 0.0 secs
EHGR,5,18:27:00,22:47:00,0 years 0 mons 0 days 0 hours 45 mins 0.0 secs
EHKD,7,17:21:00,22:54:00,0 years 0 mons 0 days 0 hours 30 mins 0.0 secs
EHLW,5,17:35:00,22:51:00,0 years 0 mons 0 days 0 hours 35 mins 0.0 secs
EHRD,3,19:19:00,22:45:00,0 years 0 mons 0 days 0 hours 55 mins 0.0 secs
EHVK,3,18:35:00,22:47:00,0 years 0 mons 0 days 1 hours 27 mins 0.0 secs
EHVL,6,17:03:00,22:41:00,0 years 0 mons 0 days 0 hours 33 mins 0.0 secs
EHWO,7,17:07:00,22:39:00,0 years 0 mons 0 days 0 hours 37 mins 0.0 secs
EICK,3,18:03:00,22:51:00,0 years 0 mons 0 days 2 hours 7 mins 0.0 secs
EIDL,7,17:13:00,22:44:00,0 years 0 mons 0 days 0 hours 41 mins 0.0 secs
EIDW,4,17:46:00,22:52:00,0 years 0 mons 0 days 1 hours 24 mins 0.0 secs
EIKN,4,17:35:00,22:34:00,0 years 0 mons 0 days 1 hours 18 mins 0.0 secs
EIKY,4,18:14:00,22:37:00,0 years 0 mons 0 days 0 hours 37 mins 0.0 secs
EIME,5,17:02:00,22:31:00,0 years 0 mons 0 days 1 hours 13 mins 0.0 secs
EINN,7,17:28:00,22:34:00,0 years 0 mons 0 days 0 hours 30 mins 0.0 secs
EISG,3,18:40:00,22:45:00,0 years 0 mons 0 days 1 hours 21 mins 0.0 secs
EIWF,3,18:47:00,22:43:00,0 years 0 mons 0 days 1 hours 45 mins 0.0 secs
EKAH,3,19:04:00,22:43:00,0 years 0 mons 0 days 1 hours 16 mins 0.0 secs
EKBI,5,17:45:00,22:54:00,0 years 0 mons 0 days 0 hours 53 mins 0.0 secs
EKCH,5,17:34:00,22:39:00,0 years 0 mons 0 days 1 hours 5 mins 0.0 secs
EKEB,3,18:00:00,22:49:00,0 years 0 mons 0 days 0 hours 45 mins 0.0 secs
EKGC,3,17:13:00,22:50:00,0 years 0 mons 0 days 2 hours 5 mins 0.0 secs
EKHA,6,17:06:00,22:56:00,0 years 0 mons 0 days 0 hours 38 mins 0.0 secs
EKHD,7,17:35:00,22:48:00,0 years 0 mons 0 days 0 hours 37 mins 0.0 secs
EKHR,7,17:42:00,22:53:00,0 years 0 mons 0 days 0 hours 34 mins 0.0 secs
EKKA,6,18:06:00,22:42:00,0 years 0 mons 0 days 0 hours 42 mins 0.0 secs
EKOD,6,17:18:00,22:38:00,0 years 0 mons 0 days 0 hours 41 mins 0.0 secs
EKRK,5,17:11:00,22:59:00,0 years 0 mons 0 days 0 hours 56 mins 0.0 secs
EKRN,7,17:19:00,22:58:00,0 years 0 mons 0 days 0 hours 40 mins 0.0 secs
EKSB,3,18:43:00,22:51:00,0 years 0 mons 0 days 1 hours 15 mins 0.0 secs
EKSP,6,17:28:00,22:57:00,0 years 0 mons 0 days 0 hours 39 mins 0.0 secs
EKTE,4,18:08:00,22:49:00,0 years 0 mons 0 days 0 hours 59 mins 0.0 secs
EKVD,3,18:24:00,22:33:00,0 years 0 mons 0 days 1 hours 50 mins 0.0 secs
EKVG,7,17:30:00,22:45:00,0 years 0 mons 0 days 0 hours 46 mins 0.0 secs
EKYT,7,17:40:00,22:36:00,0 years 0 mons 0 days 0 hours 32 mins 0.0 secs
ELLX,6,17:08:00,22:56:00,0 years 0 mons 0 days 0 hours 37 mins 0.0 secs
ENAL,4,17:12:00,22:34:00,0 years 0 mons 0 days 1 hours 33 mins 0.0 secs
ENAN,5,17:40:00,22:36:00,0 years 0 mons 0 days 0 hours 36 mins 0.0 secs
ENAT,6,17:52:00,22:45:00,0 years 0 mons 0 days 0 hours 41 mins 0.0 secs
ENBL,3,17:10:00,22:35:00,0 years 0 mons 0 days 1 hours 33 mins 0.0 secs
ENBN,6,17:50:00,22:42:00,0 years 0 mons 0 days 0 hours 41 mins 0.0 secs
ENBO,7,17:46:00,22:39:00,0 years 0 mons 0 days 0 hours 32 mins 0.0 secs
ENBR,4,17:21:00,22:47:00,0 years 0 mons 0 days 1 hours 29 mins 0.0 secs
ENBS,6,17:39:00,22:55:00,0 years 0 mons 0 days 0 hours 39 mins 0.0 secs
ENBV,5,18:04:00,22:56:00,0 years 0 mons 0 days 0 hours 44 mins 0.0 secs
ENCN,7,17:28:00,22:34:00,0 years 0 mons 0 days 0 hours 39 mins 0.0 secs
ENDR,4,18:04:00,22:50:00,0 years 0 mons 0 days 1 hours 3 mins 0.0 secs
ENDU,5,17:56:00,22:57:00,0 years 0 mons 0 days 0 hours 36 mins 0.0 secs
ENEK,3,19:10:00,22:51:00,0 years 0 mons 0 days 1 hours 7 mins 0.0 secs
ENEV,7,17:23:00,22:47:00,0 years 0 mons 0 days 0 hours 45 mins 0.0 secs
ENFB,4,17:07:00,22:52:00,0 years 0 mons 0 days 1 hours 17 mins 0.0 secs
ENFG,5,17:34:00,22:32:00,0 years 0 mons 0 days 0 hours 59 mins 0.0 secs
ENFL,6,17:22:00,22:39:00,0 years 0 mons 0 days 0 hours 30 mins 0.0 secs
ENGM,4,17:40:00,22:41:00,0 years 0 mons 0 days 0 hours 36 mins 0.0 secs
ENHD,5,17:56:00,22:44:00,0 years 0 mons 0 days 0 hours 46 mins 0.0 secs
ENHE,4,17:20:00,22:47:00,0 years 0 mons 0 days 1 hours 30 mins 0.0 secs
ENHF,6,17:43:00,22:42:00,0 years 0 mons 0 days 0 hours 43 mins 0.0 secs
ENHK,6,17:12:00,22:49:00,0 years 0 mons 0 days 0 hours 39 mins 0.0 secs
ENHV,4,17:05:00,23:00:00,0 years 0 mons 0 days 1 hours 7 mins 0.0 secs
ENKB,3,17:11:00,22:49:00,0 years 0 mons 0 days 2 hours 9 mins 0.0 secs
ENKR,5,17:45:00,22:37:00,0 years 0 mons 0 days 0 hours 42 mins 0.0 secs
ENLA,6,17:53:00,22:50:00,0 years 0 mons 0 days 0 hours 48 mins 0.0 secs
ENLK,7,17:18:00,22:33:00,0 years 0 mons 0 days 0 hours 33 mins 0.0 secs
ENMH,4,17:46:00,22:47:00,0 years 0 mons 0 days 0 hours 58 mins 0.0 secs
ENML,3,18:25:00,22:32:00,0 years 0 mons 0 days 1 hours 40 mins 0.0 secs
ENMS,6,18:14:00,22:56:00,0 years 0 mons 0 days 0 hours 34 mins 0.0 secs
ENNA,7,17:08:00,22:59:00,0 years 0 mons 0 days 0 hours 45 mins 0.0 secs
ENNK,5,17:22:00,22:58:00,0 years 0 mons 0 days 0 hours 49 mins 0.0 secs
ENNM,4,17:26:00,22:33:00,0 years 0 mons 0 days 1 hours 3 mins 0.0 secs
ENNO,3,21:09:00,22:42:00,0 years 0 mons 0 days 0 hours 33 mins 0.0 secs
ENOA,7,17:24:00,22:51:00,0 years 0 mons 0 days 0 hours 30 mins 0.0 secs
ENOL,7,17:20:00,22:57:00,0 years 0 mons 0 days 0 hours 37 mins 0.0 secs
ENOV,5,17:37:00,22:38:00,0 years 0 mons 0 days 1 hours 3 mins 0.0 secs
ENQA,4,18:29:00,22:59:00,0 years 0 mons 0 days 0 hours 37 mins 0.0 secs
ENQC,5,17:56:00,22:32:00,0 years 0 mons 0 days 0 hours 51 mins 0.0 secs
ENRA,5,17:06:00,22:39:00,0 years 0 mons 0 days 1 hours 1 mins 0.0 secs
ENRM,5,17:58:00,22:47:00,0 years 0 mons 0 days 1 hours 7 mins 0.0 secs
ENRO,4,18:11:00,22:35:00,0 years 0 mons 0 days 0 hours 53 mins 0.0 secs
ENRS,6,18:03:00,22:35:00,0 years 0 mons 0 days 0 hours 34 mins 0.0 secs
ENRY,3,21:45:00,22:57:00,0 years 0 mons 0 days 0 hours 34 mins 0.0 secs
ENSB,5,18:12:00,22:47:00,0 years 0 mons 0 days 0 hours 36 mins 0.0 secs
ENSD,4,18:30:00,22:32:00,0 years 0 mons 0 days 1 hours 14 mins 0.0 secs
ENSF,5,17:57:00,22:56:00,0 years 0 mons 0 days 0 hours 54 mins 0.0 secs
ENSG,7,17:33:00,22:43:00,0 years 0 mons 0 days 0 hours 30 mins 0.0 secs
ENSH,4,17:55:00,22:33:00,0 years 0 mons 0 days 0 hours 46 mins 0.0 secs
ENSK,5,17:10:00,22:51:00,0 years 0 mons 0 days 1 hours 4 mins 0.0 secs
ENSL,7,17:28:00,22:43:00,0 years 0 mons 0 days 0 hours 46 mins 0.0 secs
ENSN,4,18:18:00,22:35:00,0 years 0 mons 0 days 1 hours 9 mins 0.0 secs
ENSO,3,17:56:00,22:37:00,0 years 0 mons 0 days 2 hours 7 mins 0.0 secs
ENSR,4,17:50:00,22:31:00,0 years 0 mons 0 days 0 hours 36 mins 0.0 secs
ENSS,6,17:12:00,22:39:00,0 years 0 mons 0 days 0 hours 35 mins 0.0 secs
ENST,3,18:44:00,22:38:00,0 years 0 mons 0 days 1 hours 26 mins 0.0 secs
ENTC,6,17:39:00,22:59:00,0 years 0 mons 0 days 0 hours 39 mins 0.0 secs
ENTO,6,17:45:00,22:48:00,0 years 0 mons 0 days 0 hours 34 mins 0.0 secs
ENVA,5,17:33:00,22:34:00,0 years 0 mons 0 days 1 hours 2 mins 0.0 secs
ENVD,7,17:18:00,22:35:00,0 years 0 mons 0 days 0 hours 31 mins 0.0 secs
ENVH,5,18:11:00,22:46:00,0 years 0 mons 0 days 1 hours 2 mins 0.0 secs
ENZV,3,18:04:00,22:56:00,0 years 0 mons 0 days 0 hours 43 mins 0.0 secs
EPBY,3,18:10:00,22:57:00,0 years 0 mons 0 days 0 hours 57 mins 0.0 secs
EPGD,3,18:45:00,22:34:00,0 years 0 mons 0 days 1 hours 12 mins 0.0 secs
EPKK,6,17:33:00,22:46:00,0 years 0 mons 0 days 0 hours 35 mins 0.0 secs
EPKT,6,17:20:00,22:35:00,0 years 0 mons 0 days 0 hours 44 mins 0.0 secs
EPLB,7,17:49:00,22:55:00,0 years 0 mons 0 days 0 hours 33 mins 0.0 secs
EPLL,6,17:34:00,22:51:00,0 years 0 mons 0 days 0 hours 47 mins 0.0 secs
EPMO,6,17:18:00,22:43:00,0 years 0 mons 0 days 0 hours 46 mins 0.0 secs
EPPO,5,17:51:00,22:52:00,0 years 0 mons 0 days 0 hours 47 mins 0.0 secs
EPRZ,7,17:22:00,22:55:00,0 years 0 mons 0 days 0 hours 41 mins 0.0 secs
EPSC,7,17:28:00,22:37:00,0 years 0 mons 0 days 0 hours 35 mins 0.0 secs
EPWA,5,17:47:00,22:35:00,0 years 0 mons 0 days 0 hours 58 mins 0.0 secs
EPWR,3,18:07:00,22:43:00,0 years 0 mons 0 days 2 hours 10 mins 0.0 secs
EPZG,6,17:11:00,22:59:00,0 years 0 mons 0 days 1 hours 1 mins 0.0 secs
ESCF,7,17:21:00,22:44:00,0 years 0 mons 0 days 0 hours 41 mins 0.0 secs
ESDF,5,18:51:00,22:45:00,0 years 0 mons 0 days 0 hours 34 mins 0.0 secs
ESGG,6,17:16:00,22:36:00,0 years 0 mons 0 days 0 hours 35 mins 0.0 secs
ESGJ,5,18:38:00,22:48:00,0 years 0 mons 0 days 0 hours 49 mins 0.0 secs
ESGP,7,17:33:00,22:55:00,0 years 0 mons 0 days 0 hours 45 mins 0.0 secs
ESGR,3,17:55:00,22:41:00,0 years 0 mons 0 days 1 hours 56 mins 0.0 secs
ESGT,3,20:14:00,22:53:00,0 years 0 mons 0 days 1 hours 8 mins 0.0 secs
ESIB,5,17:12:00,22:46:00,0 years 0 mons 0 days 0 hours 43 mins 0.0 secs
ESKN,7,17:13:00,22:34:00,0 years 0 mons 0 days 0 hours 35 mins 0.0 secs
ESMK,6,17:30:00,22:40:00,0 years 0 mons 0 days 0 hours 38 mins 0.0 secs
ESMQ,7,17:33:00,22:48:00,0 years 0 mons 0 days 0 hours 31 mins 0.0 secs
ESMS,6,17:31:00,22:55:00,0 years 0 mons 0 days 0 hours 44 mins 0.0 secs
ESMT,5,18:09:00,22:43:00,0 years 0 mons 0 days 0 hours 30 mins 0.0 secs
ESMX,5,17:41:00,22:44:00,0 years 0 mons 0 days 0 hours 32 mins 0.0 secs
ESNG,4,17:11:00,22:58:00,0 years 0 mons 0 days 0 hours 40 mins 0.0 secs
ESNK,7,17:04:00,23:00:00,0 years 0 mons 0 days 0 hours 48 mins 0.0 secs
ESNL,3,19:51:00,22:46:00,0 years 0 mons 0 days 1 hours 8 mins 0.0 secs
ESNN,7,17:14:00,22:53:00,0 years 0 mons 0 days 0 hours 35 mins 0.0 secs
ESNO,6,18:02:00,22:38:00,0 years 0 mons 0 days 0 hours 37 mins 0.0 secs
ESNQ,6,17:35:00,22:46:00,0 years 0 mons 0 days 0 hours 35 mins 0.0 secs
ESNS,3,19:39:00,22:51:00,0 years 0 mons 0 days 0 hours 34 mins 0.0 secs
ESNU,7,17:32:00,22:58:00,0 years 0 mons 0 days 0 hours 37 mins 0.0 secs
ESNX,3,17:46:00,22:35:00,0 years 0 mons 0 days 0 hours 39 mins 0.0 secs
ESNZ,6,17:23:00,22:41:00,0 years 0 mons 0 days 0 hours 39 mins 0.0 secs
ESOE,4,18:20:00,22:33:00,0 years 0 mons 0 days 1 hours 9 mins 0.0 secs
ESOK,4,17:18:00,22:55:00,0 years 0 mons 0 days 0 hours 39 mins 0.0 secs
ESOW,5,17:09:00,22:50:00,0 years 0 mons 0 days 0 hours 49 mins 0.0 secs
ESPA,7,17:32:00,22:34:00,0 years 0 mons 0 days 0 hours 33 mins 0.0 secs
ESPE,6,17:39:00,22:32:00,0 years 0 mons 0 days 0 hours 48 mins 0.0 secs
ESSA,7,17:53:00,22:57:00,0 years 0 mons 0 days 0 hours 33 mins 0.0 secs
ESSB,4,18:30:00,22:47:00,0 years 0 mons 0 days 1 hours 8 mins 0.0 secs
ESSD,4,17:26:00,22:32:00,0 years 0 mons 0 days 0 hours 38 mins 0.0 secs
ESSL,4,17:28:00,22:37:00,0 years 0 mons 0 days 1 hours 32 mins 0.0 secs
ESSP,4,17:41:00,22:43:00,0 years 0 mons 0 days 1 hours 31 mins 0.0 secs
ESSV,7,17:34:00,22:45:00,0 years 0 mons 0 days 0 hours 37 mins 0.0 secs
ESTA,6,17:39:00,22:36:00,0 years 0 mons 0 days 0 hours 33 mins 0.0 secs
ESTL,5,18:14:00,22:56:00,0 years 0 mons 0 days 0 hours 31 mins 0.0 secs
ESUD,7,17:55:00,22:37:00,0 years 0 mons 0 days 0 hours 36 mins 0.0 secs
ESUT,3,17:03:00,22:37:00,0 years 0 mons 0 days 2 hours 38 mins 0.0 secs
ETAD,5,19:11:00,22:53:00,0 years 0 mons 0 days 0 hours 37 mins 0.0 secs
ETAR,4,18:07:00,22:34:00,0 years 0 mons 0 days 1 hours 25 mins 0.0 secs
ETEB,5,17:49:00,22:44:00,0 years 0 mons 0 days 0 hours 44 mins 0.0 secs
ETHA,5,17:11:00,22:39:00,0 years 0 mons 0 days 0 hours 49 mins 0.0 secs
ETHB,7,17:16:00,22:49:00,0 years 0 mons 0 days 0 hours 43 mins 0.0 secs
ETHC,5,17:23:00,22:45:00,0 years 0 mons 0 days 0 hours 42 mins 0.0 secs
ETHE,6,17:43:00,22:48:00,0 years 0 mons 0 days 0 hours 30 mins 0.0 secs
ETHF,6,17:10:00,22:45:00,0 years 0 mons 0 days 0 hours 48 mins 0.0 secs
ETHL,6,17:11:00,22:52:00,0 years 0 mons 0 days 1 hours 4 mins 0.0 secs
ETHN,5,17:32:00,22:32:00,0 years 0 mons 0 days 1 hours 6 mins 0.0 secs
ETHS,5,17:50:00,22:54:00,0 years 0 mons 0 days 1 hours 8 mins 0.0 secs
ETIC,5,17:25:00,22:31:00,0 years 0 mons 0 days 1 hours 9 mins 0.0 secs
ETIH,4,17:32:00,23:00:00,0 years 0 mons 0 days 1 hours 25 mins 0.0 secs
ETIK,4,17:53:00,22:50:00,0 years 0 mons 0 days 0 hours 56 mins 0.0 secs
ETMN,4,18:12:00,22:43:00,0 years 0 mons 0 days 1 hours 13 mins 0.0 secs
ETNH,3,19:24:00,22:59:00,0 years 0 mons 0 days 1 hours 3 mins 0.0 secs
ETNL,7,17:37:00,22:58:00,0 years 0 mons 0 days 0 hours 35 mins 0.0 secs
ETNN,3,18:03:00,22:32:00,0 years 0 mons 0 days 1 hours 16 mins 0.0 secs
ETNS,5,17:41:00,22:58:00,0 years 0 mons 0 days 1 hours 5 mins 0.0 secs
ETNT,6,18:05:00,23:00:00,0 years 0 mons 0 days 0 hours 50 mins 0.0 secs
ETNW,3,18:22:00,23:00:00,0 years 0 mons 0 days 1 hours 43 mins 0.0 secs
ETOU,5,17:21:00,22:36:00,0 years 0 mons 0 days 1 hours 9 mins 0.0 secs
ETSA,7,17:51:00,22:47:00,0 years 0 mons 0 days 0 hours 33 mins 0.0 secs
ETSB,5,17:27:00,22:53:00,0 years 0 mons 0 days 1 hours 1 mins 0.0 secs
ETSH,7,17:23:00,22:56:00,0 years 0 mons 0 days 0 hours 36 mins 0.0 secs
ETSI,5,17:15:00,22:37:00,0 years 0 mons 0 days 1 hours 1 mins 0.0 secs
ETSL,4,17:56:00,22:33:00,0 years 0 mons 0 days 1 hours 22 mins 0.0 secs
ETSN,3,18:39:00,22:34:00,0 years 0 mons 0 days 1 hours 49 mins 0.0 secs
ETWM,4,17:29:00,22:58:00,0 years 0 mons 0 days 1 hours 40 mins 0.0 secs
EVLA,3,17:40:00,22:36:00,0 years 0 mons 0 days 2 hours 26 mins 0.0 secs
EVRA,4,18:32:00,22:58:00,0 years 0 mons 0 days 0 hours 35 mins 0.0 secs
EVVA,5,18:49:00,22:50:00,0 years 0 mons 0 days 0 hours 35 mins 0.0 secs
EYKA,6,17:11:00,22:38:00,0 years 0 mons 0 days 0 hours 41 mins 0.0 secs
EYPA,3,18:10:00,22:37:00,0 years 0 mons 0 days 1 hours 46 mins 0.0 secs
EYSA,7,17:37:00,22:53:00,0 years 0 mons 0 days 0 hours 30 mins 0.0 secs
EYVI,3,19:41:00,22:51:00,0 years 0 mons 0 days 1 hours 11 mins 0.0 secs
LATI,5,17:09:00,22:51:00,0 years 0 mons 0 days 1 hours 1 mins 0.0 secs
LBBG,5,18:27:00,22:58:00,0 years 0 mons 0 days 0 hours 45 mins 0.0 secs
LBGO,3,19:46:00,22:53:00,0 years 0 mons 0 days 0 hours 40 mins 0.0 secs
LBPD,6,17:40:00,22:42:00,0 years 0 mons 0 days 0 hours 47 mins 0.0 secs
LBSF,4,17:08:00,22:31:00,0 years 0 mons 0 days 0 hours 44 mins 0.0 secs
LBWN,6,18:24:00,22:55:00,0 years 0 mons 0 days 0 hours 34 mins 0.0 secs
LCLK,4,17:07:00,22:47:00,0 years 0 mons 0 days 1 hours 48 mins 0.0 secs
LCPH,3,18:01:00,22:33:00,0 years 0 mons 0 days 1 hours 17 mins 0.0 secs
LCRA,3,18:23:00,22:52:00,0 years 0 mons 0 days 1 hours 2 mins 0.0 secs
LDDU,7,17:58:00,22:49:00,0 years 0 mons 0 days 0 hours 30 mins 0.0 secs
LDLO,3,21:08:00,22:51:00,0 years 0 mons 0 days 0 hours 30 mins 0.0 secs
LDOS,7,17:10:00,22:57:00,0 years 0 mons 0 days 0 hours 33 mins 0.0 secs
LDPL,3,18:27:00,22:51:00,0 years 0 mons 0 days 2 hours 7 mins 0.0 secs
LDRI,5,17:14:00,22:40:00,0 years 0 mons 0 days 1 hours 10 mins 0.0 secs
LDSB,4,17:26:00,22:45:00,0 years 0 mons 0 days 1 hours 6 mins 0.0 secs
LDSP,7,17:05:00,22:55:00,0 years 0 mons 0 days 0 hours 33 mins 0.0 secs
LDZA,6,17:28:00,22:33:00,0 years 0 mons 0 days 0 hours 51 mins 0.0 secs
LDZD,6,18:12:00,22:57:00,0 years 0 mons 0 days 0 hours 32 mins 0.0 secs
LEAB,4,17:34:00,22:57:00,0 years 0 mons 0 days 1 hours 37 mins 0.0 secs
LEAL,3,18:28:00,22:56:00,0 years 0 mons 0 days 2 hours 6 mins 0.0 secs
LEAM,3,17:14:00,22:57:00,0 years 0 mons 0 days 2 hours 2 mins 0.0 secs
LEAO,5,17:25:00,22:31:00,0 years 0 mons 0 days 1 hours 5 mins 0.0 secs
LEAS,5,17:04:00,22:44:00,0 years 0 mons 0 days 0 hours 30 mins 0.0 secs
LEBA,4,18:40:00,22:54:00,0 years 0 mons 0 days 0 hours 43 mins 0.0 secs
LEBB,3,18:55:00,22:53:00,0 years 0 mons 0 days 1 hours 41 mins 0.0 secs
LEBG,3,17:39:00,22:42:00,0 years 0 mons 0 days 2 hours 27 mins 0.0 secs
LEBL,5,18:31:00,22:44:00,0 years 0 mons 0 days 0 hours 32 mins 0.0 secs
LEBZ,4,18:26:00,22:31:00,0 years 0 mons 0 days 0 hours 31 mins 0.0 secs
LECO,7,17:13:00,22:44:00,0 years 0 mons 0 days 0 hours 32 mins 0.0 secs
LECV,4,18:29:00,22:57:00,0 years 0 mons 0 days 1 hours 2 mins 0.0 secs
LEGA,6,17:42:00,22:38:00,0 years 0 mons 0 days 0 hours 36 mins 0.0 secs
LEGE,7,17:31:00,22:39:00,0 years 0 mons 0 days 0 hours 32 mins 0.0 secs
LEGR,6,17:08:00,22:48:00,0 years 0 mons 0 days 1 hours 2 mins 0.0 secs
LEGT,4,17:08:00,22:44:00,0 years 0 mons 0 days 1 hours 39 mins 0.0 secs
LEHC,6,17:30:00,22:46:00,0 years 0 mons 0 days 0 hours 40 mins 0.0 secs
LEIB,6,17:40:00,22:41:00,0 years 0 mons 0 days 0 hours 46 mins 0.0 secs
LEJR,7,17:22:00,22:40:00,0 years 0 mons 0 days 0 hours 43 mins 0.0 secs
LELC,4,18:02:00,22:33:00,0 years 0 mons 0 days 0 hours 45 mins 0.0 secs
LELL,5,17:47:00,22:42:00,0 years 0 mons 0 days 0 hours 39 mins 0.0 secs
LELN,6,17:35:00,22:45:00,0 years 0 mons 0 days 0 hours 38 mins 0.0 secs
LELO,6,17:26:00,22:47:00,0 years 0 mons 0 days 0 hours 37 mins 0.0 secs
LEMD,3,18:45:00,22:39:00,0 years 0 mons 0 days 1 hours 48 mins 0.0 secs
LEMG,4,18:28:00,22:36:00,0 years 0 mons 0 days 0 hours 32 mins 0.0 secs
LEMH,3,19:13:00,22:32:00,0 years 0 mons 0 days 1 hours 17 mins 0.0 secs
LEMO,4,17:24:00,22:31:00,0 years 0 mons 0 days 1 hours 7 mins 0.0 secs
LEPA,7,17:25:00,22:41:00,0 years 0 mons 0 days 0 hours 30 mins 0.0 secs
LEPP,3,17:59:00,22:51:00,0 years 0 mons 0 days 2 hours 23 mins 0.0 secs
LERI,5,17:56:00,23:00:00,0 years 0 mons 0 days 0 hours 37 mins 0.0 secs
LERS,7,17:05:00,22:31:00,0 years 0 mons 0 days 0 hours 30 mins 0.0 secs
LERT,7,17:04:00,22:51:00,0 years 0 mons 0 days 0 hours 30 mins 0.0 secs
LESA,6,17:44:00,22:44:00,0 years 0 mons 0 days 0 hours 44 mins 0.0 secs
LESO,4,17:44:00,22:36:00,0 years 0 mons 0 days 0 hours 33 mins 0.0 secs
LEST,6,17:13:00,22:52:00,0 years 0 mons 0 days 0 hours 58 mins 0.0 secs
LETL,3,18:29:00,22:46:00,0 years 0 mons 0 days 1 hours 58 mins 0.0 secs
LETO,6,17:33:00,22:36:00,0 years 0 mons 0 days 0 hours 32 mins 0.0 secs
LEVC,3,17:53:00,22:48:00,0 years 0 mons 0 days 0 hours 59 mins 0.0 secs
LEVD,3,17:42:00,22:53:00,0 years 0 mons 0 days 2 hours 6 mins 0.0 secs
LEVS,5,18:05:00,22:31:00,0 years 0 mons 0 days 0 hours 35 mins 0.0 secs
LEVT,3,18:49:00,22:45:00,0 years 0 mons 0 days 1 hours 29 mins 0.0 secs
LEVX,5,18:00:00,22:45:00,0 years 0 mons 0 days 0 hours 33 mins 0.0 secs
LEXJ,4,17:42:00,22:47:00,0 years 0 mons 0 days 1 hours 9 mins 0.0 secs
LEZG,6,17:11:00,22:45:00,0 years 0 mons 0 days 0 hours 52 mins 0.0 secs
LEZL,7,17:38:00,22:49:00,0 years 0 mons 0 days 0 hours 32 mins 0.0 secs
LFAQ,7,17:23:00,22:51:00,0 years 0 mons 0 days 0 hours 33 mins 0.0 secs
LFAT,7,17:23:00,22:54:00,0 years 0 mons 0 days 0 hours 30 mins 0.0 secs
LFBA,4,18:49:00,22:34:00,0 years 0 mons 0 days 0 hours 42 mins 0.0 secs
LFBC,7,17:03:00,22:39:00,0 years 0 mons 0 days 0 hours 37 mins 0.0 secs
LFBD,7,17:28:00,22:56:00,0 years 0 mons 0 days 0 hours 36 mins 0.0 secs
LFBE,3,19:26:00,22:58:00,0 years 0 mons 0 days 1 hours 19 mins 0.0 secs
LFBG,3,18:44:00,22:38:00,0 years 0 mons 0 days 1 hours 44 mins 0.0 secs
LFBH,7,17:37:00,22:38:00,0 years 0 mons 0 days 0 hours 31 mins 0.0 secs
LFBI,5,17:52:00,22:49:00,0 years 0 mons 0 days 0 hours 47 mins 0.0 secs
LFBL,3,19:32:00,22:55:00,0 years 0 mons 0 days 0 hours 34 mins 0.0 secs
LFBM,3,19:51:00,22:51:00,0 years 0 mons 0 days 1 hours 4 mins 0.0 secs
LFBO,3,19:03:00,22:59:00,0 years 0 mons 0 days 1 hours 38 mins 0.0 secs
LFBP,4,18:11:00,22:37:00,0 years 0 mons 0 days 0 hours 47 mins 0.0 secs
LFBT,7,17:36:00,22:43:00,0 years 0 mons 0 days 0 hours 33 mins 0.0 secs
LFBU,6,17:06:00,22:58:00,0 years 0 mons 0 days 0 hours 58 mins 0.0 secs
LFBY,7,17:16:00,22:51:00,0 years 0 mons 0 days 0 hours 35 mins 0.0 secs
LFBZ,3,17:36:00,22:43:00,0 years 0 mons 0 days 2 hours 22 mins 0.0 secs
LFCK,4,17:31:00,22:56:00,0 years 0 mons 0 days 0 hours 49 mins 0.0 secs
LFCR,3,18:07:00,22:47:00,0 years 0 mons 0 days 1 hours 27 mins 0.0 secs
LFGJ,4,17:28:00,22:39:00,0 years 0 mons 0 days 1 hours 27 mins 0.0 secs
LFJL,3,18:07:00,22:36:00,0 years 0 mons 0 days 1 hours 26 mins 0.0 secs
LFJR,6,17:11:00,22:45:00,0 years 0 mons 0 days 0 hours 48 mins 0.0 secs
LFKB,7,17:06:00,22:33:00,0 years 0 mons 0 days 0 hours 47 mins 0.0 secs
LFKC,5,17:54:00,22:53:00,0 years 0 mons 0 days 0 hours 40 mins 0.0 secs
LFKF,6,17:44:00,22:49:00,0 years 0 mons 0 days 0 hours 41 mins 0.0 secs
LFKJ,6,17:28:00,22:53:00,0 years 0 mons 0 days 0 hours 44 mins 0.0 secs
LFKS,5,17:52:00,22:43:00,0 years 0 mons 0 days 0 hours 41 mins 0.0 secs
LFLB,3,17:48:00,22:49:00,0 years 0 mons 0 days 2 hours 28 mins 0.0 secs
LFLC,7,17:33:00,22:41:00,0 years 0 mons 0 days 0 hours 34 mins 0.0 secs
LFLL,3,17:56:00,22:48:00,0 years 0 mons 0 days 2 hours 10 mins 0.0 secs
LFLN,7,17:20:00,22:53:00,0 years 0 mons 0 days 0 hours 44 mins 0.0 secs
LFLP,6,17:16:00,22:49:00,0 years 0 mons 0 days 0 hours 57 mins 0.0 secs
LFLS,6,17:11:00,22:41:00,0 years 0 mons 0 days 0 hours 35 mins 0.0 secs
LFLW,5,18:04:00,22:46:00,0 years 0 mons 0 days 0 hours 33 mins 0.0 secs
LFLX,7,17:42:00,22:49:00,0 years 0 mons 0 days 0 hours 35 mins 0.0 secs
LFLY,3,18:24:00,22:44:00,0 years 0 mons 0 days 2 hours 5 mins 0.0 secs
LFMC,3,17:40:00,22:54:00,0 years 0 mons 0 days 2 hours 13 mins 0.0 secs
LFMD,5,17:55:00,22:36:00,0 years 0 mons 0 days 0 hours 50 mins 0.0 secs
LFMH,4,17:40:00,22:55:00,0 years 0 mons 0 days 1 hours 3 mins 0.0 secs
LFMI,7,17:38:00,22:51:00,0 years 0 mons 0 days 0 hours 31 mins 0.0 secs
LFMK,6,17:48:00,22:32:00,0 years 0 mons 0 days 0 hours 41 mins 0.0 secs
LFML,3,19:03:00,22:42:00,0 years 0 mons 0 days 1 hours 25 mins 0.0 secs
LFMN,4,17:20:00,22:34:00,0 years 0 mons 0 days 1 hours 7 mins 0.0 secs
LFMO,4,18:19:00,22:32:00,0 years 0 mons 0 days 0 hours 40 mins 0.0 secs
LFMP,7,17:27:00,22:57:00,0 years 0 mons 0 days 0 hours 35 mins 0.0 secs
LFMT,5,18:11:00,22:36:00,0 years 0 mons 0 days 0 hours 43 mins 0.0 secs
LFMU,7,17:05:00,22:31:00,0 years 0 mons 0 days 0 hours 39 mins 0.0 secs
LFMV,4,18:20:00,22:41:00,0 years 0 mons 0 days 0 hours 59 mins 0.0 secs
LFMY,6,17:33:00,22:43:00,0 years 0 mons 0 days 0 hours 41 mins 0.0 secs
LFOA,4,17:06:00,22:43:00,0 years 0 mons 0 days 1 hours 40 mins 0.0 secs
LFOB,3,19:10:00,22:43:00,0 years 0 mons 0 days 1 hours 43 mins 0.0 secs
LFOC,7,17:46:00,22:59:00,0 years 0 mons 0 days 0 hours 30 mins 0.0 secs
LFOE,3,19:01:00,22:55:00,0 years 0 mons 0 days 1 hours 26 mins 0.0 secs
LFOH,4,17:14:00,23:00:00,0 years 0 mons 0 days 1 hours 11 mins 0.0 secs
LFOJ,6,17:06:00,22:56:00,0 years 0 mons 0 days 0 hours 32 mins 0.0 secs
LFOK,7,17:28:00,22:43:00,0 years 0 mons 0 days 0 hours 34 mins 0.0 secs
LFOP,3,17:19:00,22:48:00,0 years 0 mons 0 days 2 hours 26 mins 0.0 secs
LFOT,7,17:33:00,22:48:00,0 years 0 mons 0 days 0 hours 46 mins 0.0 secs
LFOV,6,17:49:00,22:59:00,0 years 0 mons 0 days 0 hours 34 mins 0.0 secs
LFPB,5,17:47:00,22:40:00,0 years 0 mons 0 days 0 hours 47 mins 0.0 secs
LFPC,5,17:52:00,22:37:00,0 years 0 mons 0 days 0 hours 50 mins 0.0 secs
LFPG,3,18:58:00,22:50:00,0 years 0 mons 0 days 1 hours 39 mins 0.0 secs
LFPM,3,17:08:00,22:56:00,0 years 0 mons 0 days 2 hours 20 mins 0.0 secs
LFPN,3,17:12:00,22:51:00,0 years 0 mons 0 days 1 hours 31 mins 0.0 secs
LFPO,3,18:38:00,22:51:00,0 years 0 mons 0 days 2 hours 0 mins 0.0 secs
LFPT,7,17:08:00,22:42:00,0 years 0 mons 0 days 0 hours 40 mins 0.0 secs
LFPV,4,19:02:00,22:41:00,0 years 0 mons 0 days 0 hours 34 mins 0.0 secs
LFQA,6,17:54:00,22:57:00,0 years 0 mons 0 days 0 hours 38 mins 0.0 secs
LFQB,7,17:28:00,22:53:00,0 years 0 mons 0 days 0 hours 35 mins 0.0 secs
LFQG,3,19:12:00,22:43:00,0 years 0 mons 0 days 1 hours 20 mins 0.0 secs
LFQQ,7,17:21:00,22:37:00,0 years 0 mons 0 days 0 hours 40 mins 0.0 secs
LFRB,3,18:17:00,22:40:00,0 years 0 mons 0 days 0 hours 44 mins 0.0 secs
LFRC,4,18:37:00,22:36:00,0 years 0 mons 0 days 1 hours 8 mins 0.0 secs
LFRD,6,18:17:00,22:37:00,0 years 0 mons 0 days 0 hours 34 mins 0.0 secs
LFRG,3,19:05:00,22:36:00,0 years 0 mons 0 days 0 hours 48 mins 0.0 secs
LFRH,6,17:25:00,22:53:00,0 years 0 mons 0 days 0 hours 39 mins 0.0 secs
LFRI,7,17:39:00,22:44:00,0 years 0 mons 0 days 0 hours 33 mins 0.0 secs
LFRJ,7,17:07:00,22:31:00,0 years 0 mons 0 days 0 hours 45 mins 0.0 secs
LFRK,6,18:05:00,22:43:00,0 years 0 mons 0 days 0 hours 46 mins 0.0 secs
LFRL,5,18:18:00,22:42:00,0 years 0 mons 0 days 0 hours 35 mins 0.0 secs
LFRM,3,17:14:00,22:55:00,0 years 0 mons 0 days 2 hours 35 mins 0.0 secs
LFRN,3,19:36:00,22:52:00,0 years 0 mons 0 days 1 hours 10 mins 0.0 secs
LFRO,4,18:16:00,22:35:00,0 years 0 mons 0 days 1 hours 8 mins 0.0 secs
LFRQ,7,17:35:00,22:40:00,0 years 0 mons 0 days 0 hours 45 mins 0.0 secs
LFRS,7,17:39:00,22:39:00,0 years 0 mons 0 days 0 hours 30 mins 0.0 secs
LFRT,4,18:29:00,22:51:00,0 years 0 mons 0 days 1 hours 8 mins 0.0 secs
LFRV,5,17:43:00,22:50:00,0 years 0 mons 0 days 0 hours 50 mins 0.0 secs
LFRZ,5,17:13:00,22:41:00,0 years 0 mons 0 days 0 hours 45 mins 0.0 secs
LFSB,5,17:35:00,22:49:00,0 years 0 mons 0 days 0 hours 38 mins 0.0 secs
LFSD,6,17:11:00,22:42:00,0 years 0 mons 0 days 0 hours 38 mins 0.0 secs
LFSI,4,17:49:00,22:31:00,0 years 0 mons 0 days 1 hours 11 mins 0.0 secs
LFSL,4,17:46:00,22:54:00,0 years 0 mons 0 days 1 hours 32 mins 0.0 secs
LFSN,3,18:56:00,22:52:00,0 years 0 mons 0 days 1 hours 1 mins 0.0 secs
LFSO,5,17:36:00,22:52:00,0 years 0 mons 0 days 0 hours 51 mins 0.0 secs
LFST,7,17:31:00,23:00:00,0 years 0 mons 0 days 0 hours 31 mins 0.0 secs
LFSX,3,18:31:00,22:38:00,0 years 0 mons 0 days 1 hours 23 mins 0.0 secs
LFTH,6,17:22:00,22:47:00,0 years 0 mons 0 days 0 hours 36 mins 0.0 secs
LFTW,6,17:12:00,22:42:00,0 years 0 mons 0 days 0 hours 37 mins 0.0 secs
LFVP,4,20:13:00,22:39:00,0 years 0 mons 0 days 0 hours 38 mins 0.0 secs
LFYR,5,17:20:00,22:43:00,0 years 0 mons 0 days 0 hours 36 mins 0.0 secs
LGAD,3,17:02:00,22:48:00,0 years 0 mons 0 days 0 hours 49 mins 0.0 secs
LGAL,6,17:44:00,22:35:00,0 years 0 mons 0 days 0 hours 36 mins 0.0 secs
LGAV,4,18:33:00,22:40:00,0 years 0 mons 0 days 1 hours 15 mins 0.0 secs
LGBL,7,17:41:00,23:00:00,0 years 0 mons 0 days 0 hours 30 mins 0.0 secs
LGEL,7,17:07:00,22:46:00,0 years 0 mons 0 days 0 hours 36 mins 0.0 secs
LGHI,7,17:30:00,22:47:00,0 years 0 mons 0 days 0 hours 35 mins 0.0 secs
LGIO,3,19:23:00,22:58:00,0 years 0 mons 0 days 1 hours 14 mins 0.0 secs
LGIR,4,18:19:00,22:34:00,0 years 0 mons 0 days 1 hours 5 mins 0.0 secs
LGKC,7,17:02:00,22:42:00,0 years 0 mons 0 days 0 hours 37 mins 0.0 secs
LGKF,7,17:43:00,22:44:00,0 years 0 mons 0 days 0 hours 31 mins 0.0 secs
LGKL,3,20:09:00,22:52:00,0 years 0 mons 0 days 0 hours 46 mins 0.0 secs
LGKO,4,18:14:00,22:36:00,0 years 0 mons 0 days 0 hours 31 mins 0.0 secs
LGKP,7,17:16:00,22:35:00,0 years 0 mons 0 days 0 hours 33 mins 0.0 secs
LGKR,7,17:44:00,22:47:00,0 years 0 mons 0 days 0 hours 41 mins 0.0 secs
LGKV,4,17:48:00,22:39:00,0 years 0 mons 0 days 0 hours 52 mins 0.0 secs
LGKZ,3,20:30:00,22:47:00,0 years 0 mons 0 days 0 hours 51 mins 0.0 secs
LGLM,6,17:31:00,22:33:00,0 years 0 mons 0 days 0 hours 50 mins 0.0 secs
LGMK,3,18:40:00,22:32:00,0 years 0 mons 0 days 1 hours 37 mins 0.0 secs
LGMT,7,17:29:00,22:46:00,0 years 0 mons 0 days 0 hours 32 mins 0.0 secs
LGNX,4,18:58:00,22:42:00,0 years 0 mons 0 days 0 hours 32 mins 0.0 secs
LGPA,7,17:56:00,22:58:00,0 years 0 mons 0 days 0 hours 30 mins 0.0 secs
LGPZ,6,17:24:00,22:44:00,0 years 0 mons 0 days 0 hours 41 mins 0.0 secs
LGRP,3,18:41:00,22:49:00,0 years 0 mons 0 days 1 hours 56 mins 0.0 secs
LGRX,4,17:55:00,22:33:00,0 years 0 mons 0 days 1 hours 26 mins 0.0 secs
LGSA,5,18:13:00,22:40:00,0 years 0 mons 0 days 0 hours 45 mins 0.0 secs
LGSK,5,17:04:00,22:40:00,0 years 0 mons 0 days 0 hours 38 mins 0.0 secs
LGSM,7,17:06:00,22:32:00,0 years 0 mons 0 days 0 hours 36 mins 0.0 secs
LGSO,7,17:04:00,22:47:00,0 years 0 mons 0 days 0 hours 39 mins 0.0 secs
LGSR,7,17:33:00,22:55:00,0 years 0 mons 0 days 0 hours 37 mins 0.0 secs
LGTS,5,17:42:00,23:00:00,0 years 0 mons 0 days 0 hours 40 mins 0.0 secs
LGZA,3,17:50:00,22:32:00,0 years 0 mons 0 days 2 hours 13 mins 0.0 secs
LHBC,4,18:14:00,22:51:00,0 years 0 mons 0 days 1 hours 14 mins 0.0 secs
LHBP,6,17:11:00,22:39:00,0 years 0 mons 0 days 0 hours 39 mins 0.0 secs
LHDC,5,18:22:00,23:00:00,0 years 0 mons 0 days 0 hours 30 mins 0.0 secs
LHKE,7,17:19:00,22:37:00,0 years 0 mons 0 days 0 hours 36 mins 0.0 secs
LHPA,4,17:29:00,22:45:00,0 years 0 mons 0 days 0 hours 44 mins 0.0 secs
LHPP,5,18:06:00,22:43:00,0 years 0 mons 0 days 0 hours 49 mins 0.0 secs
LHPR,5,17:44:00,22:49:00,0 years 0 mons 0 days 0 hours 38 mins 0.0 secs
LHSM,7,17:27:00,22:47:00,0 years 0 mons 0 days 0 hours 35 mins 0.0 secs
LHSN,4,17:57:00,22:56:00,0 years 0 mons 0 days 1 hours 28 mins 0.0 secs
LHUD,7,17:12:00,22:32:00,0 years 0 mons 0 days 0 hours 32 mins 0.0 secs
LIBC,5,17:08:00,22:33:00,0 years 0 mons 0 days 0 hours 43 mins 0.0 secs
LIBD,4,18:31:00,22:42:00,0 years 0 mons 0 days 0 hours 54 mins 0.0 secs
LIBF,5,17:16:00,22:55:00,0 years 0 mons 0 days 0 hours 52 mins 0.0 secs
LIBG,3,19:02:00,22:51:00,0 years 0 mons 0 days 1 hours 45 mins 0.0 secs
LIBN,4,18:34:00,22:36:00,0 years 0 mons 0 days 1 hours 2 mins 0.0 secs
LIBP,5,17:54:00,22:36:00,0 years 0 mons 0 days 0 hours 35 mins 0.0 secs
LIBR,4,18:07:00,22:43:00,0 years 0 mons 0 days 1 hours 13 mins 0.0 secs
LIBV,6,17:04:00,23:00:00,0 years 0 mons 0 days 0 hours 56 mins 0.0 secs
LIBY,7,17:08:00,22:33:00,0 years 0 mons 0 days 0 hours 36 mins 0.0 secs
LICA,5,18:01:00,22:42:00,0 years 0 mons 0 days 0 hours 34 mins 0.0 secs
LICB,3,18:02:00,22:47:00,0 years 0 mons 0 days 2 hours 17 mins 0.0 secs
LICC,3,19:21:00,22:49:00,0 years 0 mons 0 days 1 hours 18 mins 0.0 secs
LICD,4,17:26:00,22:59:00,0 years 0 mons 0 days 1 hours 36 mins 0.0 secs
LICG,7,17:19:00,22:35:00,0 years 0 mons 0 days 0 hours 31 mins 0.0 secs
LICJ,3,19:51:00,22:52:00,0 years 0 mons 0 days 1 hours 7 mins 0.0 secs
LICR,4,17:19:00,22:49:00,0 years 0 mons 0 days 1 hours 29 mins 0.0 secs
LICT,4,18:19:00,22:40:00,0 years 0 mons 0 days 1 hours 2 mins 0.0 secs
LICZ,5,18:34:00,22:47:00,0 years 0 mons 0 days 0 hours 47 mins 0.0 secs
LIEA,3,19:03:00,22:36:00,0 years 0 mons 0 days 0 hours 37 mins 0.0 secs
LIEB,7,17:24:00,22:37:00,0 years 0 mons 0 days 0 hours 36 mins 0.0 secs
LIED,3,18:39:00,23:00:00,0 years 0 mons 0 days 1 hours 47 mins 0.0 secs
LIEE,6,17:42:00,22:50:00,0 years 0 mons 0 days 0 hours 37 mins 0.0 secs
LIEO,5,18:20:00,22:38:00,0 years 0 mons 0 days 0 hours 34 mins 0.0 secs
LIMA,3,18:32:00,22:47:00,0 years 0 mons 0 days 1 hours 44 mins 0.0 secs
LIMC,4,17:05:00,22:44:00,0 years 0 mons 0 days 1 hours 23 mins 0.0 secs
LIME,7,17:48:00,22:54:00,0 years 0 mons 0 days 0 hours 30 mins 0.0 secs
LIMF,6,17:16:00,22:49:00,0 years 0 mons 0 days 0 hours 33 mins 0.0 secs
LIMG,6,17:15:00,22:48:00,0 years 0 mons 0 days 0 hours 32 mins 0.0 secs
LIMH,3,17:54:00,23:00:00,0 years 0 mons 0 days 1 hours 39 mins 0.0 secs
LIMJ,5,17:08:00,22:31:00,0 years 0 mons 0 days 0 hours 31 mins 0.0 secs
LIMK,7,17:20:00,22:42:00,0 years 0 mons 0 days 0 hours 35 mins 0.0 secs
LIML,7,17:22:00,22:42:00,0 years 0 mons 0 days 0 hours 37 mins 0.0 secs
LIMP,7,17:21:00,22:57:00,0 years 0 mons 0 days 0 hours 36 mins 0.0 secs
LIMS,4,18:22:00,22:49:00,0 years 0 mons 0 days 0 hours 31 mins 0.0 secs
LIMT,3,18:05:00,22:31:00,0 years 0 mons 0 days 1 hours 59 mins 0.0 secs
LIMU,6,17:36:00,22:57:00,0 years 0 mons 0 days 0 hours 44 mins 0.0 secs
LIMY,3,18:44:00,22:40:00,0 years 0 mons 0 days 0 hours 57 mins 0.0 secs
LIMZ,4,18:00:00,22:40:00,0 years 0 mons 0 days 0 hours 31 mins 0.0 secs
LIPB,6,17:09:00,22:39:00,0 years 0 mons 0 days 0 hours 54 mins 0.0 secs
LIPC,5,17:08:00,22:56:00,0 years 0 mons 0 days 0 hours 38 mins 0.0 secs
LIPE,5,18:11:00,22:56:00,0 years 0 mons 0 days 0 hours 57 mins 0.0 secs
LIPF,6,17:15:00,22:32:00,0 years 0 mons 0 days 0 hours 43 mins 0.0 secs
LIPH,7,17:36:00,22:44:00,0 years 0 mons 0 days 0 hours 31 mins 0.0 secs
LIPO,4,18:29:00,22:42:00,0 years 0 mons 0 days 1 hours 2 mins 0.0 secs
LIPQ,7,17:22:00,22:34:00,0 years 0 mons 0 days 0 hours 45 mins 0.0 secs
LIPR,4,17:50:00,22:33:00,0 years 0 mons 0 days 0 hours 45 mins 0.0 secs
LIPS,7,17:23:00,22:57:00,0 years 0 mons 0 days 0 hours 46 mins 0.0 secs
LIPU,3,18:18:00,22:46:00,0 years 0 mons 0 days 1 hours 28 mins 0.0 secs
LIPX,6,17:18:00,22:50:00,0 years 0 mons 0 days 0 hours 38 mins 0.0 secs
LIPY,6,18:18:00,22:32:00,0 years 0 mons 0 days 0 hours 41 mins 0.0 secs
LIPZ,7,17:29:00,22:34:00,0 years 0 mons 0 days 0 hours 33 mins 0.0 secs
LIQC,5,18:10:00,22:39:00,0 years 0 mons 0 days 0 hours 31 mins 0.0 secs
LIQN,6,17:59:00,22:57:00,0 years 0 mons 0 days 0 hours 38 mins 0.0 secs
LIQO,4,17:17:00,22:56:00,0 years 0 mons 0 days 0 hours 56 mins 0.0 secs
LIRA,5,17:41:00,22:38:00,0 years 0 mons 0 days 1 hours 1 mins 0.0 secs
LIRE,4,18:46:00,22:45:00,0 years 0 mons 0 days 0 hours 37 mins 0.0 secs
LIRF,4,17:28:00,22:37:00,0 years 0 mons 0 days 1 hours 35 mins 0.0 secs
LIRH,4,17:31:00,22:47:00,0 years 0 mons 0 days 1 hours 44 mins 0.0 secs
LIRI,4,18:28:00,22:51:00,0 years 0 mons 0 days 1 hours 7 mins 0.0 secs
LIRK,3,17:15:00,22:51:00,0 years 0 mons 0 days 2 hours 24 mins 0.0 secs
LIRL,6,17:05:00,22:54:00,0 years 0 mons 0 days 0 hours 43 mins 0.0 secs
LIRM,3,19:29:00,22:50:00,0 years 0 mons 0 days 1 hours 5 mins 0.0 secs
LIRN,5,18:08:00,22:40:00,0 years 0 mons 0 days 0 hours 50 mins 0.0 secs
LIRP,6,17:30:00,22:59:00,0 years 0 mons 0 days 0 hours 43 mins 0.0 secs
LIRQ,4,17:25:00,22:55:00,0 years 0 mons 0 days 1 hours 10 mins 0.0 secs
LIRS,7,17:32:00,22:41:00,0 years 0 mons 0 days 0 hours 31 mins 0.0 secs
LIRT,6,17:33:00,22:33:00,0 years 0 mons 0 days 0 hours 35 mins 0.0 secs
LIRU,5,18:10:00,22:47:00,0 years 0 mons 0 days 0 hours 33 mins 0.0 secs
LIRV,7,17:25:00,22:51:00,0 years 0 mons 0 days 0 hours 30 mins 0.0 secs
LIRX,4,17:02:00,22:34:00,0 years 0 mons 0 days 1 hours 20 mins 0.0 secs
LIRZ,4,18:15:00,22:46:00,0 years 0 mons 0 days 1 hours 24 mins 0.0 secs
LIVC,5,17:39:00,22:53:00,0 years 0 mons 0 days 0 hours 38 mins 0.0 secs
LIVD,6,17:46:00,22:35:00,0 years 0 mons 0 days 0 hours 37 mins 0.0 secs
LIVE,7,17:29:00,22:33:00,0 years 0 mons 0 days 0 hours 31 mins 0.0 secs
LIVF,7,17:29:00,22:48:00,0 years 0 mons 0 days 0 hours 41 mins 0.0 secs
LIVO,6,17:45:00,22:51:00,0 years 0 mons 0 days 0 hours 42 mins 0.0 secs
LIVP,4,17:30:00,22:41:00,0 years 0 mons 0 days 1 hours 8 mins 0.0 secs
LIVR,6,17:54:00,22:42:00,0 years 0 mons 0 days 0 hours 33 mins 0.0 secs
LIVT,3,18:59:00,22:58:00,0 years 0 mons 0 days 1 hours 22 mins 0.0 secs
LJCE,4,17:33:00,22:59:00,0 years 0 mons 0 days 1 hours 4 mins 0.0 secs
LJLJ,5,18:02:00,22:44:00,0 years 0 mons 0 days 0 hours 40 mins 0.0 secs
LJMB,5,17:58:00,22:56:00,0 years 0 mons 0 days 1 hours 1 mins 0.0 secs
LJPZ,5,17:23:00,22:53:00,0 years 0 mons 0 days 0 hours 56 mins 0.0 secs
LKCV,6,17:31:00,22:46:00,0 years 0 mons 0 days 0 hours 44 mins 0.0 secs
LKKB,7,17:30:00,22:52:00,0 years 0 mons 0 days 0 hours 45 mins 0.0 secs
LKKU,7,17:36:00,22:40:00,0 years 0 mons 0 days 0 hours 33 mins 0.0 secs
LKKV,3,19:34:00,22:42:00,0 years 0 mons 0 days 0 hours 35 mins 0.0 secs
LKLN,5,17:39:00,22:53:00,0 years 0 mons 0 days 0 hours 31 mins 0.0 secs
LKMT,5,18:01:00,22:48:00,0 years 0 mons 0 days 0 hours 32 mins 0.0 secs
LKNA,5,18:09:00,22:51:00,0 years 0 mons 0 days 0 hours 43 mins 0.0 secs
LKPD,3,19:24:00,22:51:00,0 years 0 mons 0 days 0 hours 34 mins 0.0 secs
LKPR,3,18:33:00,22:42:00,0 years 0 mons 0 days 1 hours 12 mins 0.0 secs
LKTB,3,18:54:00,22:53:00,0 years 0 mons 0 days 1 hours 3 mins 0.0 secs
LLBG,7,17:19:00,22:45:00,0 years 0 mons 0 days 0 hours 40 mins 0.0 secs
LLET,4,18:29:00,22:41:00,0 years 0 mons 0 days 0 hours 53 mins 0.0 secs
LLHA,6,18:11:00,22:45:00,0 years 0 mons 0 days 0 hours 38 mins 0.0 secs
LLIB,7,17:37:00,22:32:00,0 years 0 mons 0 days 0 hours 35 mins 0.0 secs
LLSD,5,18:12:00,22:38:00,0 years 0 mons 0 days 0 hours 46 mins 0.0 secs
LMML,4,18:20:00,22:37:00,0 years 0 mons 0 days 1 hours 1 mins 0.0 secs
LOAN,7,17:10:00,22:41:00,0 years 0 mons 0 days 0 hours 40 mins 0.0 secs
LOAV,6,17:10:00,22:52:00,0 years 0 mons 0 days 0 hours 42 mins 0.0 secs
LOIH,6,17:59:00,22:44:00,0 years 0 mons 0 days 0 hours 33 mins 0.0 secs
LOWG,7,17:37:00,22:40:00,0 years 0 mons 0 days 0 hours 38 mins 0.0 secs
LOWI,5,18:15:00,22:41:00,0 years 0 mons 0 days 0 hours 45 mins 0.0 secs
LOWK,6,17:41:00,22:45:00,0 years 0 mons 0 days 0 hours 35 mins 0.0 secs
LOWL,5,18:11:00,22:46:00,0 years 0 mons 0 days 0 hours 33 mins 0.0 secs
LOWS,3,17:34:00,22:41:00,0 years 0 mons 0 days 0 hours 55 mins 0.0 secs
LOWW,5,17:57:00,22:45:00,0 years 0 mons 0 days 0 hours 50 mins 0.0 secs
LOWZ,3,19:09:00,22:38:00,0 years 0 mons 0 days 0 hours 43 mins 0.0 secs
LOXZ,3,18:14:00,22:33:00,0 years 0 mons 0 days 1 hours 52 mins 0.0 secs
LPAZ,5,17:16:00,22:47:00,0 years 0 mons 0 days 0 hours 51 mins 0.0 secs
LPBJ,4,18:17:00,22:50:00,0 years 0 mons 0 days 1 hours 17 mins 0.0 secs
LPFL,3,17:06:00,22:54:00,0 years 0 mons 0 days 0 hours 35 mins 0.0 secs
LPFR,5,17:13:00,22:36:00,0 years 0 mons 0 days 1 hours 5 mins 0.0 secs
LPHR,7,17:38:00,22:52:00,0 years 0 mons 0 days 0 hours 35 mins 0.0 secs
LPLA,4,17:44:00,22:32:00,0 years 0 mons 0 days 1 hours 33 mins 0.0 secs
LPMA,7,17:30:00,22:38:00,0 years 0 mons 0 days 0 hours 32 mins 0.0 secs
LPMR,3,18:12:00,22:53:00,0 years 0 mons 0 days 1 hours 14 mins 0.0 secs
LPMT,7,17:30:00,22:52:00,0 years 0 mons 0 days 0 hours 32 mins 0.0 secs
LPOV,6,17:31:00,22:50:00,0 years 0 mons 0 days 0 hours 38 mins 0.0 secs
LPPD,5,17:29:00,22:44:00,0 years 0 mons 0 days 0 hours 41 mins 0.0 secs
LPPR,5,18:04:00,22:33:00,0 years 0 mons 0 days 0 hours 34 mins 0.0 secs
LPPS,7,17:32:00,22:34:00,0 years 0 mons 0 days 0 hours 30 mins 0.0 secs
LPPT,5,17:26:00,22:53:00,0 years 0 mons 0 days 0 hours 50 mins 0.0 secs
LPST,6,17:09:00,22:36:00,0 years 0 mons 0 days 0 hours 30 mins 0.0 secs
LQBK,3,17:14:00,22:42:00,0 years 0 mons 0 days 1 hours 57 mins 0.0 secs
LQMO,5,17:18:00,22:43:00,0 years 0 mons 0 days 0 hours 39 mins 0.0 secs
LQSA,5,17:34:00,22:38:00,0 years 0 mons 0 days 0 hours 36 mins 0.0 secs
LQTZ,7,17:14:00,22:55:00,0 years 0 mons 0 days 0 hours 34 mins 0.0 secs
LRAR,3,19:59:00,22:42:00,0 years 0 mons 0 days 0 hours 59 mins 0.0 secs
LRBC,7,17:15:00,22:52:00,0 years 0 mons 0 days 0 hours 30 mins 0.0 secs
LRBM,4,18:31:00,22:57:00,0 years 0 mons 0 days 0 hours 55 mins 0.0 secs
LRBS,4,19:29:00,22:44:00,0 years 0 mons 0 days 0 hours 49 mins 0.0 secs
LRCK,4,18:06:00,22:39:00,0 years 0 mons 0 days 0 hours 57 mins 0.0 secs
LRCL,6,17:39:00,22:42:00,0 years 0 mons 0 days 0 hours 35 mins 0.0 secs
LRCV,3,17:54:00,22:35:00,0 years 0 mons 0 days 1 hours 16 mins 0.0 secs
LRIA,4,17:52:00,22:36:00,0 years 0 mons 0 days 0 hours 30 mins 0.0 secs
LROD,3,18:08:00,22:45:00,0 years 0 mons 0 days 1 hours 58 mins 0.0 secs
LROP,5,17:57:00,22:44:00,0 years 0 mons 0 days 0 hours 49 mins 0.0 secs
LRSB,7,17:12:00,22:33:00,0 years 0 mons 0 days 0 hours 40 mins 0.0 secs
LRSM,5,17:26:00,22:42:00,0 years 0 mons 0 days 0 hours 33 mins 0.0 secs
LRSV,4,18:14:00,22:48:00,0 years 0 mons 0 days 1 hours 5 mins 0.0 secs
LRTC,5,17:59:00,22:51:00,0 years 0 mons 0 days 0 hours 59 mins 0.0 secs
LRTM,7,17:14:00,22:59:00,0 years 0 mons 0 days 0 hours 33 mins 0.0 secs
LRTR,6,17:15:00,22:47:00,0 years 0 mons 0 days 0 hours 50 mins 0.0 secs
LSGC,5,17:30:00,22:31:00,0 years 0 mons 0 days 0 hours 43 mins 0.0 secs
LSGG,5,17:38:00,22:46:00,0 years 0 mons 0 days 0 hours 38 mins 0.0 secs
LSGS,3,17:34:00,22:58:00,0 years 0 mons 0 days 1 hours 23 mins 0.0 secs
LSMD,6,17:49:00,22:59:00,0 years 0 mons 0 days 0 hours 49 mins 0.0 secs
LSME,4,18:10:00,22:35:00,0 years 0 mons 0 days 0 hours 34 mins 0.0 secs
LSMP,6,17:34:00,22:54:00,0 years 0 mons 0 days 0 hours 39 mins 0.0 secs
LSZA,5,18:01:00,23:00:00,0 years 0 mons 0 days 0 hours 57 mins 0.0 secs
LSZB,7,17:43:00,22:54:00,0 years 0 mons 0 days 0 hours 31 mins 0.0 secs
LSZC,6,17:38:00,22:59:00,0 years 0 mons 0 days 0 hours 47 mins 0.0 secs
LSZG,4,18:14:00,22:38:00,0 years 0 mons 0 days 0 hours 50 mins 0.0 secs
LSZH,3,18:00:00,22:38:00,0 years 0 mons 0 days 1 hours 28 mins 0.0 secs
LSZL,5,17:22:00,22:51:00,0 years 0 mons 0 days 0 hours 46 mins 0.0 secs
LSZR,5,17:31:00,22:31:00,0 years 0 mons 0 days 0 hours 30 mins 0.0 secs
LSZS,7,17:31:00,22:33:00,0 years 0 mons 0 days 0 hours 34 mins 0.0 secs
LTAC,4,17:57:00,22:40:00,0 years 0 mons 0 days 0 hours 39 mins 0.0 secs
LTAD,3,18:35:00,22:40:00,0 years 0 mons 0 days 2 hours 1 mins 0.0 secs
LTAE,3,18:08:00,22:38:00,0 years 0 mons 0 days 1 hours 44 mins 0.0 secs
LTAF,3,18:06:00,22:44:00,0 years 0 mons 0 days 1 hours 43 mins 0.0 secs
LTAG,6,17:19:00,22:38:00,0 years 0 mons 0 days 0 hours 32 mins 0.0 secs
LTAI,5,18:06:00,22:49:00,0 years 0 mons 0 days 0 hours 44 mins 0.0 secs
LTAJ,3,18:30:00,22:34:00,0 years 0 mons 0 days 1 hours 57 mins 0.0 secs
LTAL,3,18:05:00,22:52:00,0 years 0 mons 0 days 2 hours 2 mins 0.0 secs
LTAN,4,18:51:00,22:51:00,0 years 0 mons 0 days 0 hours 35 mins 0.0 secs
LTAP,6,17:07:00,22:46:00,0 years 0 mons 0 days 0 hours 33 mins 0.0 secs
LTAR,3,17:53:00,22:35:00,0 years 0 mons 0 days 2 hours 11 mins 0.0 secs
LTAS,4,18:17:00,22:53:00,0 years 0 mons 0 days 1 hours 23 mins 0.0 secs
LTAT,4,17:22:00,22:57:00,0 years 0 mons 0 days 0 hours 49 mins 0.0 secs
LTAU,4,17:41:00,22:50:00,0 years 0 mons 0 days 1 hours 27 mins 0.0 secs
LTAW,7,17:24:00,22:50:00,0 years 0 mons 0 days 0 hours 32 mins 0.0 secs
LTAY,5,17:33:00,22:56:00,0 years 0 mons 0 days 0 hours 31 mins 0.0 secs
LTAZ,5,17:58:00,23:00:00,0 years 0 mons 0 days 0 hours 35 mins 0.0 secs
LTBA,6,17:52:00,22:49:00,0 years 0 mons 0 days 0 hours 46 mins 0.0 secs
LTBF,7,17:08:00,22:42:00,0 years 0 mons 0 days 0 hours 32 mins 0.0 secs
LTBH,5,18:23:00,22:42:00,0 years 0 mons 0 days 0 hours 32 mins 0.0 secs
LTBJ,6,17:14:00,22:33:00,0 years 0 mons 0 days 0 hours 41 mins 0.0 secs
LTBL,3,18:48:00,22:46:00,0 years 0 mons 0 days 1 hours 48 mins 0.0 secs
LTBO,4,17:59:00,22:44:00,0 years 0 mons 0 days 1 hours 5 mins 0.0 secs
LTBQ,3,18:15:00,22:49:00,0 years 0 mons 0 days 2 hours 4 mins 0.0 secs
LTBR,4,17:43:00,22:39:00,0 years 0 mons 0 days 1 hours 1 mins 0.0 secs
LTBS,7,17:36:00,22:31:00,0 years 0 mons 0 days 0 hours 34 mins 0.0 secs
LTBU,7,17:38:00,22:32:00,0 years 0 mons 0 days 0 hours 34 mins 0.0 secs
LTBY,3,18:59:00,22:42:00,0 years 0 mons 0 days 0 hours 48 mins 0.0 secs
LTCA,3,18:00:00,22:37:00,0 years 0 mons 0 days 0 hours 53 mins 0.0 secs
LTCC,3,18:30:00,22:57:00,0 years 0 mons 0 days 2 hours 12 mins 0.0 secs
LTCD,7,17:04:00,22:43:00,0 years 0 mons 0 days 0 hours 42 mins 0.0 secs
LTCE,5,17:26:00,22:31:00,0 years 0 mons 0 days 0 hours 54 mins 0.0 secs
LTCF,4,17:07:00,22:42:00,0 years 0 mons 0 days 1 hours 30 mins 0.0 secs
LTCG,7,17:03:00,22:31:00,0 years 0 mons 0 days 0 hours 37 mins 0.0 secs
LTCI,5,18:46:00,22:50:00,0 years 0 mons 0 days 0 hours 54 mins 0.0 secs
LTCJ,3,18:24:00,22:42:00,0 years 0 mons 0 days 2 hours 5 mins 0.0 secs
LTCK,7,17:41:00,22:33:00,0 years 0 mons 0 days 0 hours 39 mins 0.0 secs
LTCM,5,17:54:00,22:55:00,0 years 0 mons 0 days 0 hours 56 mins 0.0 secs
LTCN,6,17:40:00,22:33:00,0 years 0 mons 0 days 0 hours 32 mins 0.0 secs
LTCO,6,17:35:00,22:37:00,0 years 0 mons 0 days 0 hours 42 mins 0.0 secs
LTCP,7,17:34:00,22:49:00,0 years 0 mons 0 days 0 hours 38 mins 0.0 secs
LTCR,5,17:15:00,22:46:00,0 years 0 mons 0 days 1 hours 6 mins 0.0 secs
LTCS,4,17:30:00,22:52:00,0 years 0 mons 0 days 0 hours 49 mins 0.0 secs
LTCT,5,17:58:00,22:51:00,0 years 0 mons 0 days 0 hours 53 mins 0.0 secs
LTCU,3,18:54:00,22:43:00,0 years 0 mons 0 days 0 hours 30 mins 0.0 secs
LTCV,7,17:17:00,22:48:00,0 years 0 mons 0 days 0 hours 47 mins 0.0 secs
LTDA,3,18:16:00,22:35:00,0 years 0 mons 0 days 2 hours 8 mins 0.0 secs
LTFC,7,17:10:00,22:40:00,0 years 0 mons 0 days 0 hours 35 mins 0.0 secs
LTFD,4,18:44:00,22:38:00,0 years 0 mons 0 days 0 hours 46 mins 0.0 secs
LTFE,7,17:39:00,22:56:00,0 years 0 mons 0 days 0 hours 36 mins 0.0 secs
LTFG,3,19:24:00,22:57:00,0 years 0 mons 0 days 1 hours 38 mins 0.0 secs
LTFH,7,17:48:00,22:50:00,0 years 0 mons 0 days 0 hours 33 mins 0.0 secs
LTFJ,5,18:03:00,22:50:00,0 years 0 mons 0 days 0 hours 55 mins 0.0 secs
LUBL,4,18:49:00,22:50:00,0 years 0 mons 0 days 0 hours 53 mins 0.0 secs
LUKK,5,18:11:00,22:35:00,0 years 0 mons 0 days 0 hours 38 mins 0.0 secs
LWOH,5,17:49:00,22:52:00,0 years 0 mons 0 days 0 hours 41 mins 0.0 secs
LWSK,6,17:21:00,22:51:00,0 years 0 mons 0 days 0 hours 52 mins 0.0 secs
LXGB,4,18:23:00,22:58:00,0 years 0 mons 0 days 0 hours 34 mins 0.0 secs
LYBE,6,18:06:00,22:52:00,0 years 0 mons 0 days 0 hours 35 mins 0.0 secs
LYBT,6,17:03:00,22:49:00,0 years 0 mons 0 days 0 hours 43 mins 0.0 secs
LYKV,5,17:37:00,22:50:00,0 years 0 mons 0 days 1 hours 6 mins 0.0 secs
LYNI,5,18:45:00,22:50:00,0 years 0 mons 0 days 0 hours 32 mins 0.0 secs
LYPG,7,17:43:00,22:39:00,0 years 0 mons 0 days 0 hours 41 mins 0.0 secs
LYTV,4,17:17:00,22:34:00,0 years 0 mons 0 days 0 hours 58 mins 0.0 secs
LYUZ,5,18:16:00,22:43:00,0 years 0 mons 0 days 0 hours 35 mins 0.0 secs
LYVR,4,17:36:00,22:37:00,0 years 0 mons 0 days 0 hours 39 mins 0.0 secs
LZIB,6,17:45:00,22:58:00,0 years 0 mons 0 days 0 hours 31 mins 0.0 secs
LZKZ,6,17:45:00,22:38:00,0 years 0 mons 0 days 0 hours 31 mins 0.0 secs
LZPP,7,17:58:00,22:47:00,0 years 0 mons 0 days 0 hours 35 mins 0.0 secs
LZSL,5,17:16:00,22:38:00,0 years 0 mons 0 days 0 hours 51 mins 0.0 secs
LZTT,6,17:33:00,22:33:00,0 years 0 mons 0 days 0 hours 42 mins 0.0 secs
LZZI,5,18:13:00,22:57:00,0 years 0 mons 0 days 0 hours 30 mins 0.0 secs
